"ID"	"R2.D10"	"R2.D21"
"a100080"	1.4041630234872e-07	2.20891364097374e-07
"a100787"	1.21048536507517e-07	9.66399717926012e-08
"a101077"	3.38935902221047e-08	5.98247444430389e-08
"a10111"	4.35774731427061e-09	4.14171307682577e-09
"a101278"	7.26291219045102e-08	3.22133239308671e-08
"a101455"	2.42097073015034e-08	2.76114205121718e-08
"a101548"	8.23130048251115e-08	1.51862812816945e-07
"a101630"	9.19968877457129e-08	2.53104688028241e-07
"a101829"	3.87355316824054e-08	2.2549326751607e-07
"a102100"	3.82513375363754e-06	3.93002551956578e-06
"a102172"	7.26291219045102e-08	2.02483750422593e-07
"a102371"	7.74710633648108e-08	1.15047585467382e-07
"a103028"	9.68388292060135e-09	1.38057102560859e-07
"a103776"	5.81032975236081e-08	1.15047585467382e-07
"a10409"	5.81032975236081e-08	2.07085653841288e-07
"a104229"	9.68388292060135e-09	4.14171307682577e-09
"a104241"	9.68388292060135e-09	4.14171307682577e-09
"a10443"	9.19968877457129e-08	3.58948466658233e-07
"a104527"	9.68388292060135e-09	2.30095170934765e-08
"a104650"	1.83993775491426e-07	1.5646471623564e-07
"a104742"	3.53461726601949e-07	6.44266478617342e-07
"a104824"	5.81032975236081e-08	5.98247444430389e-08
"a104837"	7.74710633648108e-08	6.90285512804295e-08
"a105417"	1.69467951110524e-07	2.30095170934765e-07
"a105484"	2.42097073015034e-08	2.76114205121718e-08
"a10584"	8.71549462854122e-08	1.79474233329117e-07
"a105900"	9.68388292060136e-08	6.90285512804295e-08
"a106198"	9.2965276037773e-07	1.21490250253556e-06
"a106577"	7.26291219045102e-08	1.28853295723468e-07
"a106897"	7.26291219045102e-08	6.44266478617342e-08
"a107384"	2.51780955935635e-07	2.2549326751607e-07
"a107739"	7.74710633648108e-08	2.85318011959108e-07
"a107859"	1.32669196012239e-06	1.61066619654335e-06
"a107951"	1.22501118945607e-06	1.21030059911686e-06
"a108251"	8.23130048251115e-08	1.42659005979554e-07
"a108613"	1.11364653586916e-07	1.51862812816945e-07
"a108760"	7.74710633648108e-08	1.42659005979554e-07
"a108939"	7.74710633648108e-08	1.65668523073031e-07
"a108995"	3.24410077840145e-07	2.80716108540413e-07
"a109608"	4.35774731427061e-09	1.84076136747812e-08
"a109773"	4.35774731427061e-09	2.76114205121718e-08
"a109923"	1.4041630234872e-07	2.43900881190851e-07
"a11015"	3.63145609522551e-07	4.04967500845186e-07
"a110476"	5.81032975236081e-08	1.10445682048687e-07
"a110575"	1.54942126729622e-07	2.57706591446937e-07
"a111282"	2.27571248634132e-07	3.49744659820843e-07
"a111669"	6.77871804442095e-08	1.70270426491726e-07
"a112166"	2.66306780316537e-07	4.78597955544311e-07
"a112736"	2.42097073015034e-08	2.76114205121718e-08
"a113731"	1.93677658412027e-08	1.38057102560859e-08
"a11473"	8.71549462854122e-08	1.4726090939825e-07
"a114806"	9.68388292060136e-08	1.05843778629992e-07
"a115311"	4.84194146030068e-08	4.6019034186953e-08
"a115437"	6.77871804442095e-08	6.44266478617342e-08
"a11594"	1.98519599872328e-07	2.53104688028241e-07
"a116413"	4.84194146030068e-09	3.68152273495624e-08
"a116555"	1.93677658412027e-08	9.66399717926012e-08
"a116629"	9.68388292060135e-09	4.14171307682577e-09
"a117114"	4.84194146030068e-08	9.2038068373906e-08
"a117215"	1.79151834031125e-07	2.57706591446937e-07
"a117583"	9.19968877457129e-08	7.82323581178201e-08
"a11760"	1.93677658412027e-07	3.17531335889976e-07
"a117866"	3.92197258284355e-07	3.86559887170405e-07
"a118288"	1.16206595047216e-07	1.28853295723468e-07
"a118389"	1.25890477967818e-07	1.01241875211297e-07
"a118846"	4.35774731427061e-08	1.84076136747812e-08
"a120052"	1.4041630234872e-06	1.60606429312466e-06
"a120392"	9.68388292060135e-09	5.06209376056483e-08
"a121548"	4.84194146030068e-09	4.14171307682577e-08
"a122654"	5.81032975236081e-08	7.82323581178201e-08
"a123"	4.84194146030068e-07	8.92769263226888e-07
"a123999"	3.00200370538642e-06	3.14310003496889e-06
"a124038"	5.81032975236081e-08	7.36304546991248e-08
"a124384"	2.90516487618041e-08	5.52228410243436e-08
"a125225"	1.64626009650223e-07	2.71512301703023e-07
"a1254"	3.38935902221047e-08	4.6019034186953e-08
"a125497"	4.35774731427061e-08	3.68152273495624e-08
"a125838"	4.84194146030068e-08	5.98247444430389e-08
"a126646"	3.87355316824054e-08	1.05843778629992e-07
"a126783"	7.55342867806906e-07	6.30460768361256e-07
"a126877"	5.03561911871271e-07	3.22133239308671e-07
"a127315"	7.26291219045102e-08	1.19649488886078e-07
"a12735"	9.19968877457129e-08	5.52228410243436e-08
"a128241"	1.93677658412027e-08	6.44266478617342e-08
"a128985"	4.35774731427061e-08	2.76114205121718e-08
"a129194"	1.4041630234872e-07	1.05843778629992e-07
"a129223"	9.19968877457129e-08	1.01241875211297e-07
"a129258"	1.93677658412027e-08	4.6019034186953e-08
"a130027"	1.35574360888419e-07	2.48502784609546e-07
"a13003"	8.71549462854122e-08	1.05843778629992e-07
"a130083"	3.73797880735212e-06	3.82418174093579e-06
"a130099"	4.84194146030068e-09	4.14171307682577e-09
"a13039"	4.84194146030068e-08	1.84076136747812e-08
"a130469"	6.77871804442095e-08	4.14171307682577e-08
"a130606"	1.85930552075546e-06	1.78553852645378e-06
"a130656"	4.35774731427061e-08	6.44266478617342e-08
"a13089"	6.29452389839088e-08	1.70270426491726e-07
"a131071"	8.71549462854122e-08	1.5646471623564e-07
"a131358"	1.4525824380902e-08	1.38057102560859e-08
"a131546"	9.68388292060135e-09	9.2038068373906e-09
"a131719"	4.84194146030068e-08	7.82323581178201e-08
"a132079"	7.40817043426004e-07	1.24251392304773e-06
"a132487"	9.68388292060135e-09	5.06209376056483e-08
"a132807"	7.8439451656871e-07	8.37546422202544e-07
"a132828"	2.37255131554733e-07	5.84441734174303e-07
"a132888"	1.16206595047216e-07	1.88678040166507e-07
"a133441"	9.19968877457129e-08	1.01241875211297e-07
"a133476"	4.35774731427061e-08	2.30095170934765e-08
"a133812"	1.93677658412027e-08	6.90285512804295e-08
"a134466"	1.93677658412027e-08	7.36304546991248e-08
"a135248"	5.32613560633075e-08	1.24251392304773e-07
"a135846"	1.4525824380902e-08	6.44266478617342e-08
"a136279"	3.87355316824054e-08	3.22133239308671e-08
"a136572"	2.61464838856237e-07	2.48502784609546e-07
"a136995"	4.35774731427061e-09	4.14171307682577e-09
"a137700"	1.15238206755156e-06	2.11227366918114e-06
"a137838"	5.81032975236081e-08	1.24251392304773e-07
"a137991"	4.84194146030068e-08	6.44266478617342e-08
"a138212"	9.68388292060135e-09	5.06209376056483e-08
"a138246"	4.84194146030068e-08	1.84076136747812e-07
"a139174"	8.23130048251115e-08	4.6019034186953e-09
"a139358"	1.30732419428118e-07	2.71512301703023e-07
"a139429"	7.74710633648108e-08	1.5646471623564e-07
"a139647"	6.29452389839088e-08	9.2038068373906e-08
"a139989"	4.84194146030068e-09	8.28342615365154e-08
"a140262"	3.38935902221047e-08	3.68152273495624e-08
"a140766"	2.51780955935635e-07	2.3469707435346e-07
"a140798"	7.26291219045102e-08	1.19649488886078e-07
"a141600"	7.74710633648108e-08	8.74361649552107e-08
"a141868"	5.32613560633075e-08	6.44266478617342e-08
"a142179"	8.71549462854122e-08	4.6019034186953e-08
"a142317"	4.35774731427061e-08	8.74361649552107e-08
"a14235"	1.59784068189922e-07	3.49744659820843e-07
"a143441"	4.35774731427061e-09	4.14171307682577e-09
"a143801"	1.93677658412027e-08	1.38057102560859e-08
"a143870"	4.35774731427061e-09	2.76114205121718e-08
"a1440"	1.72857310132734e-06	2.06625463499419e-06
"a144250"	2.90516487618041e-08	1.38057102560859e-08
"a144839"	4.2609084850646e-06	4.43623489562227e-06
"a145827"	4.84194146030068e-09	4.6019034186953e-09
"a146973"	1.35574360888419e-07	1.88678040166507e-07
"a148139"	2.47423208621365e-06	2.24572886832331e-06
"a148357"	1.21048536507517e-07	1.33455199142164e-07
"a14846"	1.93677658412027e-08	6.44266478617342e-08
"a148747"	4.35774731427061e-09	4.14171307682577e-09
"a148854"	5.81032975236081e-08	1.33455199142164e-07
"a149390"	9.73230233520436e-07	8.88167359808192e-07
"a149721"	3.87355316824054e-08	7.82323581178201e-08
"a149867"	1.64626009650223e-07	2.94521818796499e-07
"a149891"	9.19968877457129e-08	4.09569404263881e-07
"a149996"	4.84194146030068e-08	2.30095170934765e-08
"a150016"	1.01680770666314e-07	1.01241875211297e-07
"a150458"	4.35774731427061e-09	9.66399717926012e-08
"a150853"	1.69467951110524e-07	3.95763694007796e-07
"a150900"	4.35774731427061e-08	4.6019034186953e-08
"a151120"	1.64626009650223e-07	3.40540852983452e-07
"a151409"	1.4041630234872e-07	3.17531335889976e-07
"a152149"	4.35774731427061e-08	8.28342615365154e-08
"a152245"	1.35574360888419e-07	1.84076136747812e-07
"a152359"	4.84194146030068e-09	3.22133239308671e-08
"a152398"	1.74309892570824e-07	2.99123722215194e-07
"a152510"	1.4041630234872e-07	2.71512301703023e-07
"a153594"	2.90516487618041e-07	4.6019034186953e-07
"a15389"	1.34121778450329e-06	1.30233866749077e-06
"a153912"	1.93677658412027e-07	3.35938949564757e-07
"a154623"	4.79352204569767e-07	3.63550370076929e-07
"a154975"	6.29452389839088e-08	2.76114205121718e-08
"a1550"	2.42097073015034e-08	5.06209376056483e-08
"a156371"	3.87355316824054e-08	9.2038068373906e-08
"a156691"	5.81032975236081e-08	8.28342615365154e-08
"a156744"	1.4525824380902e-08	3.68152273495624e-08
"a156942"	4.35774731427061e-08	4.14171307682577e-08
"a157399"	1.4525824380902e-08	1.38057102560859e-08
"a158000"	9.68388292060135e-09	1.38057102560859e-08
"a158714"	5.81032975236081e-08	8.74361649552107e-08
"a158720"	4.35774731427061e-09	4.14171307682577e-09
"a158803"	1.01680770666314e-07	4.6019034186953e-08
"a158925"	3.32157184176626e-06	2.94982009138369e-06
"a159367"	1.35574360888419e-07	2.85318011959108e-07
"a159510"	4.84194146030068e-09	9.66399717926012e-08
"a159982"	9.68388292060135e-09	1.84076136747812e-08
"a16018"	7.60184809267206e-07	8.55954035877325e-07
"a160324"	9.68388292060135e-09	9.2038068373906e-09
"a160576"	1.88835716951726e-07	3.68152273495624e-07
"a160753"	2.1304542425323e-07	2.80716108540413e-07
"a160872"	2.42097073015034e-08	4.6019034186953e-09
"a160944"	7.26291219045102e-08	1.28853295723468e-07
"a16151"	4.35774731427061e-08	1.15047585467382e-07
"a161956"	1.4525824380902e-08	2.30095170934765e-08
"a162024"	7.26291219045102e-08	1.28853295723468e-07
"a162072"	3.87355316824054e-08	5.98247444430389e-08
"a162177"	4.84194146030068e-09	4.14171307682577e-09
"a162521"	1.93677658412027e-08	6.44266478617342e-08
"a162555"	5.56823267934578e-07	4.27977017938663e-07
"a162848"	4.35774731427061e-08	9.2038068373906e-08
"a162878"	1.25890477967818e-07	7.82323581178201e-08
"a16339"	1.4525824380902e-08	7.36304546991248e-08
"a16391"	3.87355316824054e-08	9.2038068373906e-08
"a164272"	6.29452389839088e-08	7.36304546991248e-08
"a164280"	1.88835716951726e-07	3.95763694007796e-07
"a164325"	4.35774731427061e-09	4.6019034186953e-09
"a164878"	9.68388292060135e-09	4.14171307682577e-08
"a165306"	5.32613560633075e-08	1.01241875211297e-07
"a165436"	2.61464838856237e-07	5.10811279475178e-07
"a165533"	8.23130048251115e-08	6.90285512804295e-08
"a165948"	2.08203482792929e-07	3.77356080333014e-07
"a166002"	4.84194146030068e-09	4.14171307682577e-08
"a166302"	1.93677658412027e-08	8.74361649552107e-08
"a166697"	2.42097073015034e-08	1.38057102560859e-08
"a167013"	2.42097073015034e-08	5.98247444430389e-08
"a167113"	1.93677658412027e-08	1.84076136747812e-08
"a167293"	4.35774731427061e-09	4.14171307682577e-09
"a167427"	5.32613560633075e-08	8.74361649552107e-08
"a167931"	4.84194146030068e-09	1.84076136747812e-08
"a168028"	2.29992219364282e-06	2.32856312985982e-06
"a168092"	9.68388292060135e-09	4.14171307682577e-09
"a168168"	2.61464838856237e-06	2.67370588626197e-06
"a16827"	2.42097073015034e-07	4.64792245288225e-07
"a168686"	9.68388292060135e-09	3.68152273495624e-08
"a168973"	4.35774731427061e-09	4.14171307682577e-09
"a1691"	1.50100185269321e-07	1.61066619654335e-07
"a16927"	1.69467951110524e-07	7.82323581178201e-08
"a169415"	6.77871804442095e-08	8.28342615365154e-08
"a169650"	9.68388292060136e-08	1.24251392304773e-07
"a169662"	5.32613560633075e-08	1.88678040166507e-07
"a169994"	9.68388292060135e-09	5.52228410243436e-08
"a170325"	9.19968877457129e-08	2.11687557259984e-07
"a171282"	1.06522712126615e-07	1.4726090939825e-07
"a171793"	2.56622897395936e-07	3.58948466658233e-07
"a172146"	9.68388292060135e-09	1.05843778629992e-07
"a172488"	3.38935902221047e-08	9.2038068373906e-09
"a17301"	4.35774731427061e-09	3.22133239308671e-08
"a173044"	4.33353760696911e-06	4.71695100416268e-06
"a173312"	5.32613560633075e-08	2.11687557259984e-07
"a173566"	2.42097073015034e-07	5.43024603406045e-07
"a174487"	8.71549462854122e-08	6.44266478617342e-08
"a174492"	2.42097073015034e-08	4.14171307682577e-09
"a174858"	2.90516487618041e-08	4.6019034186953e-08
"a174989"	6.77871804442095e-08	1.24251392304773e-07
"a175861"	4.9871997041097e-07	4.41782728194749e-07
"a1764"	4.35774731427061e-09	2.76114205121718e-08
"a177119"	3.34093960760747e-07	4.55588438450834e-07
"a177372"	4.84194146030068e-09	2.76114205121718e-08
"a177424"	2.56622897395936e-07	3.1292943247128e-07
"a178033"	4.35774731427061e-09	5.52228410243436e-08
"a178365"	1.79151834031125e-07	1.70270426491726e-07
"a178564"	7.74710633648108e-08	1.70270426491726e-07
"a178684"	1.4525824380902e-08	1.10445682048687e-07
"a179931"	4.35774731427061e-09	4.14171307682577e-09
"a18059"	5.81032975236081e-08	5.52228410243436e-08
"a180646"	3.08431671021153e-06	3.40080662641582e-06
"a18071"	1.21048536507517e-07	1.93279943585202e-07
"a181007"	8.23130048251115e-08	1.01241875211297e-07
"a181375"	4.35774731427061e-08	4.14171307682577e-08
"a182363"	2.90516487618041e-08	1.93279943585202e-07
"a182786"	4.84194146030068e-08	5.06209376056483e-08
"a182967"	4.35774731427061e-08	4.14171307682577e-08
"a183238"	4.35774731427061e-08	4.6019034186953e-09
"a184079"	1.4525824380902e-08	1.79474233329117e-07
"a18446"	5.32613560633075e-08	2.62308494865632e-07
"a184694"	7.74710633648108e-08	1.38057102560859e-07
"a185381"	6.29452389839088e-08	8.74361649552107e-08
"a185402"	1.54942126729622e-07	2.02483750422593e-07
"a185510"	4.35774731427061e-09	9.2038068373906e-09
"a185613"	1.21532730653547e-06	1.14587395125513e-06
"a185620"	1.93677658412027e-08	3.68152273495624e-08
"a185951"	1.11364653586916e-07	1.74872329910421e-07
"a186022"	2.90516487618041e-08	7.82323581178201e-08
"a18643"	7.74710633648108e-08	5.52228410243436e-08
"a187345"	1.21048536507517e-07	1.97881847003898e-07
"a188064"	8.08604223870213e-07	1.072243496556e-06
"a189252"	1.4525824380902e-08	9.66399717926012e-08
"a18942"	8.23130048251115e-08	2.02483750422593e-07
"a18950"	7.26291219045102e-08	2.62308494865632e-07
"a189927"	1.4525824380902e-08	4.6019034186953e-08
"a190803"	1.01680770666314e-07	7.36304546991248e-08
"a190951"	1.64626009650223e-07	3.35938949564757e-07
"a191450"	6.00400741077284e-07	7.68517870922115e-07
"a191548"	1.64626009650223e-07	1.79474233329117e-07
"a191783"	8.23130048251115e-08	6.90285512804295e-08
"a192394"	1.93677658412027e-08	1.4726090939825e-07
"a192925"	1.54942126729622e-07	1.84076136747812e-07
"a193381"	2.90516487618041e-08	1.38057102560859e-08
"a193539"	8.71549462854122e-08	1.4726090939825e-07
"a193762"	4.35774731427061e-09	1.84076136747812e-08
"a194306"	2.26602860342072e-06	2.40679548797764e-06
"a194423"	3.87355316824054e-08	8.74361649552107e-08
"a194813"	3.38935902221047e-07	3.40540852983452e-07
"a194960"	1.01680770666314e-07	8.74361649552107e-08
"a194971"	3.48619785141649e-07	3.31337046146061e-07
"a195058"	6.77871804442095e-08	1.79474233329117e-07
"a195213"	4.84194146030068e-09	4.14171307682577e-09
"a195265"	2.42097073015034e-08	8.74361649552107e-08
"a195719"	4.80804787007857e-06	6.04229918874693e-06
"a196458"	1.93677658412027e-08	4.14171307682577e-09
"a196905"	5.66507150855179e-07	6.81081705966904e-07
"a196982"	2.90516487618041e-08	1.05843778629992e-07
"a197047"	4.35774731427061e-08	2.76114205121718e-08
"a197446"	2.42097073015034e-08	1.01241875211297e-07
"a197472"	9.68388292060136e-08	1.19649488886078e-07
"a197808"	4.64826380188865e-07	5.56830313662131e-07
"a200061"	4.84194146030068e-09	3.22133239308671e-08
"a200109"	9.68388292060135e-09	6.44266478617342e-08
"a200435"	4.84194146030068e-09	1.38057102560859e-08
"a200638"	1.93677658412027e-08	3.22133239308671e-08
"a200845"	2.51780955935635e-07	4.41782728194749e-07
"a201035"	4.35774731427061e-08	3.22133239308671e-08
"a201215"	4.35774731427061e-09	4.14171307682577e-09
"a201647"	3.38935902221047e-08	1.4726090939825e-07
"a202218"	4.84194146030068e-09	2.30095170934765e-08
"a202233"	3.38935902221047e-08	4.6019034186953e-08
"a202664"	1.93677658412027e-07	2.39298977772155e-07
"a202827"	3.24410077840145e-07	2.57706591446937e-07
"a203035"	4.84194146030068e-09	3.22133239308671e-08
"a20342"	9.68388292060136e-08	1.19649488886078e-07
"a20359"	4.84194146030068e-09	9.2038068373906e-09
"a204015"	4.35774731427061e-09	1.84076136747812e-08
"a204233"	6.29452389839088e-08	2.11687557259984e-07
"a204342"	1.54942126729622e-07	1.74872329910421e-07
"a20481"	3.38935902221047e-08	4.14171307682577e-09
"a204946"	4.84194146030068e-09	3.22133239308671e-08
"a205197"	1.4525824380902e-08	9.2038068373906e-08
"a205269"	9.34494701838031e-07	9.89409235019489e-07
"a205634"	1.21048536507517e-07	2.2549326751607e-07
"a206069"	1.50100185269321e-07	3.72754176914319e-07
"a206704"	1.93677658412027e-08	1.38057102560859e-08
"a20685"	1.4525824380902e-08	4.14171307682577e-09
"a206865"	1.02164964812344e-06	1.09065111023079e-06
"a206942"	4.35774731427061e-08	6.90285512804295e-08
"a206986"	6.29452389839088e-08	4.14171307682577e-08
"a207075"	1.54942126729622e-07	2.66910398284327e-07
"a207342"	1.06522712126615e-07	1.42659005979554e-07
"a207916"	6.29452389839088e-08	1.05843778629992e-07
"a20800"	9.68388292060136e-08	8.74361649552107e-08
"a208256"	9.68388292060136e-08	1.61066619654335e-07
"a208293"	3.09884253459243e-07	5.01607472637787e-07
"a208454"	2.42097073015034e-08	2.30095170934765e-08
"a208638"	1.25890477967818e-07	6.44266478617342e-08
"a208916"	9.68388292060136e-08	1.15047585467382e-07
"a209710"	7.69868692187808e-07	8.05333098271677e-07
"a209915"	1.4525824380902e-08	7.36304546991248e-08
"a210488"	4.84194146030068e-08	6.90285512804295e-08
"a210731"	4.35774731427061e-09	1.38057102560859e-08
"a211056"	4.84194146030068e-09	9.2038068373906e-09
"a211176"	3.05042311998943e-07	2.53104688028241e-07
"a211322"	8.23130048251115e-08	4.6019034186953e-08
"a211857"	1.22985313091637e-06	1.15047585467382e-06
"a211937"	4.35774731427061e-08	2.30095170934765e-08
"a212412"	1.4525824380902e-08	2.30095170934765e-08
"a212590"	2.93421652494221e-06	3.16610955206236e-06
"a212645"	3.38935902221047e-08	9.2038068373906e-09
"a212853"	5.81032975236081e-08	1.38057102560859e-07
"a213"	6.77871804442095e-08	8.28342615365154e-08
"a213266"	5.98463964493164e-06	6.74178850838861e-06
"a213301"	3.92197258284355e-07	6.48868382036037e-07
"a213583"	1.98519599872328e-07	2.94521818796499e-07
"a213701"	2.22729307173831e-07	2.62308494865632e-07
"a21463"	4.84194146030068e-09	4.6019034186953e-09
"a214779"	8.23130048251115e-08	9.2038068373906e-08
"a215511"	3.77671433903453e-07	6.30460768361256e-07
"a215899"	2.43065461307094e-06	2.11687557259984e-06
"a216101"	4.16406965585858e-07	6.12053154686475e-07
"a216364"	1.4041630234872e-07	1.24251392304773e-07
"a216407"	7.26291219045102e-08	1.5646471623564e-07
"a216855"	7.26291219045102e-08	5.98247444430389e-08
"a216862"	4.35774731427061e-08	1.42659005979554e-07
"a216864"	6.39136272759689e-07	1.072243496556e-06
"a217535"	1.4525824380902e-08	1.84076136747812e-08
"a217574"	1.21048536507517e-07	1.5646471623564e-07
"a218117"	6.77871804442095e-08	5.52228410243436e-08
"a21841"	1.11364653586916e-07	1.42659005979554e-07
"a219495"	5.32613560633075e-08	6.90285512804295e-08
"a219523"	1.98519599872328e-07	1.33455199142164e-07
"a220154"	1.01680770666314e-07	1.65668523073031e-07
"a220629"	3.87355316824054e-08	4.6019034186953e-09
"a220701"	8.71549462854122e-08	1.84076136747812e-07
"a221265"	2.90516487618041e-08	4.14171307682577e-09
"a221942"	1.21048536507517e-07	2.3469707435346e-07
"a222078"	1.03133353104404e-06	7.22498836735162e-07
"a222574"	5.03561911871271e-07	4.37180824776053e-07
"a222992"	1.16206595047216e-07	7.36304546991248e-08
"a223100"	4.84194146030068e-09	1.84076136747812e-08
"a223434"	6.09600429851855e-06	6.36903433147429e-06
"a223502"	4.35774731427061e-09	9.2038068373906e-09
"a223530"	6.77871804442095e-08	1.65668523073031e-07
"a223677"	4.35774731427061e-08	8.74361649552107e-08
"a224055"	1.93677658412027e-08	9.2038068373906e-08
"a224310"	8.23130048251115e-08	1.33455199142164e-07
"a224909"	2.22729307173831e-07	3.26735142727366e-07
"a225043"	2.90516487618041e-08	1.38057102560859e-08
"a2257"	1.4525824380902e-08	1.84076136747812e-08
"a225750"	6.77871804442095e-08	1.38057102560859e-07
"a226502"	3.38935902221047e-08	1.05843778629992e-07
"a22680"	8.23130048251115e-08	7.82323581178201e-08
"a226862"	1.4041630234872e-07	1.79474233329117e-07
"a227291"	1.10880459440886e-06	1.20109679227947e-06
"a227327"	3.87355316824054e-08	5.06209376056483e-08
"a22772"	5.81032975236081e-08	5.52228410243436e-08
"a227725"	3.87355316824054e-08	5.98247444430389e-08
"a228201"	1.4525824380902e-08	1.84076136747812e-07
"a22852"	4.84194146030068e-08	1.01241875211297e-07
"a229195"	8.66707521393821e-07	9.9861304185688e-07
"a229282"	1.74309892570824e-07	2.2549326751607e-07
"a229564"	7.74710633648108e-08	6.90285512804295e-08
"a229572"	1.93677658412027e-07	4.6019034186953e-07
"a230326"	2.75990663237139e-07	3.1292943247128e-07
"a230476"	5.61665209394879e-07	1.04463207604383e-06
"a230931"	9.19968877457129e-08	5.98247444430389e-08
"a231117"	2.90516487618041e-08	4.14171307682577e-08
"a231131"	2.90516487618041e-08	1.24251392304773e-07
"a231355"	9.68388292060135e-09	6.44266478617342e-08
"a231705"	1.11848847732946e-06	1.09985491706818e-06
"a232338"	1.4525824380902e-08	4.14171307682577e-09
"a232376"	7.65026750727507e-07	8.46750229039935e-07
"a232759"	3.87355316824054e-08	1.28853295723468e-07
"a233164"	8.71549462854122e-08	1.51862812816945e-07
"a23323"	9.19968877457129e-08	1.05843778629992e-07
"a233236"	3.38935902221047e-08	8.28342615365154e-08
"a23385"	2.42097073015034e-08	6.90285512804295e-08
"a233969"	2.27571248634132e-07	2.16289460678679e-07
"a233983"	4.35774731427061e-09	2.76114205121718e-08
"a2341"	5.22929677712473e-07	3.77356080333014e-07
"a234599"	3.92197258284355e-07	3.58948466658233e-07
"a234737"	2.1788736571353e-07	1.79474233329117e-07
"a236321"	7.26291219045102e-08	7.82323581178201e-08
"a236407"	1.4525824380902e-08	7.82323581178201e-08
"a236551"	2.51780955935635e-07	2.89919915377804e-07
"a236954"	6.29452389839088e-08	6.90285512804295e-08
"a237351"	4.84194146030068e-08	1.28853295723468e-07
"a237571"	7.74710633648108e-08	1.05843778629992e-07
"a238685"	5.81032975236081e-08	4.04967500845186e-07
"a238823"	1.4525824380902e-08	8.28342615365154e-08
"a239304"	3.14726194919544e-07	2.20891364097374e-07
"a239389"	1.21048536507517e-07	1.10445682048687e-07
"a23955"	1.06522712126615e-07	1.01241875211297e-07
"a239936"	5.32613560633075e-08	5.98247444430389e-08
"a24062"	3.87355316824054e-08	5.06209376056483e-08
"a241004"	1.4525824380902e-08	1.84076136747812e-08
"a243385"	1.00712382374254e-06	7.08693126479076e-07
"a243474"	1.93677658412027e-08	4.6019034186953e-09
"a243573"	7.74710633648108e-08	5.06209376056483e-08
"a243922"	4.84194146030068e-09	3.68152273495624e-08
"a24432"	4.06723082665257e-07	3.31337046146061e-07
"a24487"	4.35774731427061e-09	4.14171307682577e-09
"a24561"	2.80832604697439e-07	4.41782728194749e-07
"a24568"	9.68388292060136e-08	2.02483750422593e-07
"a245978"	4.35774731427061e-08	5.06209376056483e-08
"a246780"	1.64626009650223e-07	3.31337046146061e-07
"a246851"	1.93677658412027e-08	8.28342615365154e-08
"a247900"	7.26291219045102e-08	1.65668523073031e-07
"a248606"	7.26291219045102e-08	1.38057102560859e-08
"a248910"	8.71549462854122e-08	1.5646471623564e-07
"a248983"	5.27771619172774e-07	4.50986535032139e-07
"a249370"	3.87355316824054e-08	6.90285512804295e-08
"a249552"	3.38935902221047e-08	1.61066619654335e-07
"a25007"	9.68388292060135e-09	2.30095170934765e-08
"a25014"	9.68388292060135e-09	4.14171307682577e-08
"a2503"	2.42097073015034e-08	3.68152273495624e-08
"a250421"	4.84194146030068e-09	1.38057102560859e-08
"a250695"	2.90516487618041e-08	8.74361649552107e-08
"a251284"	2.90516487618041e-08	1.84076136747812e-08
"a251567"	3.00200370538642e-07	4.23375114519967e-07
"a251841"	4.35774731427061e-08	1.24251392304773e-07
"a252167"	1.4525824380902e-08	2.30095170934765e-08
"a252277"	4.9871997041097e-07	6.81081705966904e-07
"a252978"	3.87355316824054e-08	1.01241875211297e-07
"a25326"	1.16206595047216e-07	2.57706591446937e-07
"a254059"	9.68388292060136e-08	2.62308494865632e-07
"a254182"	1.93677658412027e-08	4.14171307682577e-08
"a254597"	4.59984438728564e-07	4.92403665800397e-07
"a254744"	4.84194146030068e-09	3.22133239308671e-08
"a25610"	6.10084623997885e-07	6.58072188873428e-07
"a256288"	3.05042311998943e-07	3.68152273495624e-07
"a25641"	2.42097073015034e-08	5.06209376056483e-08
"a25698"	9.68388292060135e-09	9.2038068373906e-09
"a257645"	4.84194146030068e-07	4.27977017938663e-07
"a258360"	4.84194146030068e-08	1.19649488886078e-07
"a259218"	4.35774731427061e-08	2.76114205121718e-08
"a259297"	6.77871804442095e-08	4.14171307682577e-08
"a259342"	1.93677658412027e-08	1.24251392304773e-07
"a259403"	4.35774731427061e-08	3.68152273495624e-08
"a26030"	2.03361541332628e-07	3.17531335889976e-07
"a260424"	1.4525824380902e-08	8.28342615365154e-08
"a260905"	6.29452389839088e-08	1.28853295723468e-07
"a261931"	8.23130048251115e-08	2.76114205121718e-08
"a262450"	1.93677658412027e-08	1.38057102560859e-07
"a263901"	3.87355316824054e-08	6.44266478617342e-08
"a263973"	1.59784068189922e-07	1.4726090939825e-07
"a264662"	4.84194146030068e-09	4.14171307682577e-08
"a265166"	9.19968877457129e-08	1.61066619654335e-07
"a265190"	9.92597999361639e-07	1.39437673586468e-06
"a265220"	2.32413190094433e-07	3.72754176914319e-07
"a265663"	3.14726194919544e-07	4.55588438450834e-07
"a265803"	4.84194146030068e-08	5.06209376056483e-08
"a26640"	1.4525824380902e-07	2.02483750422593e-07
"a266584"	4.35774731427061e-08	1.01241875211297e-07
"a266715"	3.63145609522551e-07	3.26735142727366e-07
"a267056"	5.81032975236081e-08	1.19649488886078e-07
"a267132"	9.68388292060135e-09	1.84076136747812e-08
"a267192"	1.50100185269321e-07	2.76114205121718e-07
"a267390"	2.42097073015034e-08	8.28342615365154e-08
"a267530"	1.21048536507517e-07	3.45142756402147e-07
"a267583"	5.81032975236081e-08	1.4726090939825e-07
"a268375"	1.93677658412027e-08	5.06209376056483e-08
"a268711"	8.71549462854122e-08	1.38057102560859e-07
"a268872"	7.26291219045102e-08	2.02483750422593e-07
"a269307"	4.84194146030068e-08	1.84076136747812e-08
"a269811"	5.32613560633075e-08	3.68152273495624e-08
"a269908"	8.23130048251115e-08	1.61066619654335e-07
"a270237"	1.38479525764599e-06	9.84807331600794e-07
"a270950"	1.93677658412027e-08	7.36304546991248e-08
"a271810"	1.4525824380902e-08	1.84076136747812e-08
"a272483"	2.46939014475335e-07	5.66034120499522e-07
"a272694"	8.27971989711416e-07	9.11176876901669e-07
"a273853"	1.01680770666314e-07	8.28342615365154e-08
"a274079"	2.37255131554733e-07	2.66910398284327e-07
"a274451"	4.84194146030068e-09	9.2038068373906e-09
"a27447"	4.35774731427061e-08	8.28342615365154e-08
"a274957"	1.25890477967818e-07	4.27977017938663e-07
"a275078"	1.16206595047216e-07	1.15047585467382e-07
"a27560"	3.01168758830702e-06	3.55266943923277e-06
"a275828"	9.68388292060136e-08	8.74361649552107e-08
"a275915"	9.68388292060135e-09	2.30095170934765e-08
"a276532"	1.03617547250435e-06	1.09525301364948e-06
"a276856"	4.35774731427061e-09	4.14171307682577e-09
"a277750"	6.77871804442095e-08	7.36304546991248e-08
"a277907"	7.26291219045102e-08	2.39298977772155e-07
"a278380"	5.32613560633075e-08	1.74872329910421e-07
"a278615"	8.23130048251115e-07	1.06764159313731e-06
"a278621"	7.74710633648108e-08	2.39298977772155e-07
"a278940"	4.35774731427061e-08	3.22133239308671e-08
"a280152"	3.83965957801844e-06	3.40080662641582e-06
"a280234"	1.93677658412027e-08	9.2038068373906e-09
"a280761"	3.87355316824054e-08	1.65668523073031e-07
"a282098"	4.16406965585858e-07	7.63915967503419e-07
"a28245"	4.35774731427061e-09	9.2038068373906e-09
"a282523"	9.68388292060135e-09	1.38057102560859e-08
"a282781"	2.90516487618041e-08	8.74361649552107e-08
"a284458"	9.19968877457129e-08	1.93279943585202e-07
"a284854"	2.90516487618041e-08	4.6019034186953e-09
"a286452"	7.74710633648108e-08	1.15047585467382e-07
"a286588"	6.73029862981794e-07	6.76479802548209e-07
"a28682"	3.87355316824054e-08	1.84076136747812e-07
"a287042"	1.50584379415351e-06	1.78553852645378e-06
"a28760"	1.93677658412027e-07	4.37180824776053e-07
"a28830"	3.87355316824054e-08	1.15047585467382e-07
"a288554"	1.35574360888419e-07	1.15047585467382e-07
"a28858"	9.68388292060135e-09	9.66399717926012e-08
"a288710"	1.93677658412027e-08	5.98247444430389e-08
"a288915"	8.71549462854122e-08	3.68152273495624e-08
"a288992"	1.30248225282088e-06	1.49561861107597e-06
"a28952"	1.4525824380902e-07	1.65668523073031e-07
"a289528"	1.48647602831231e-06	1.77173281619769e-06
"a289574"	4.84194146030068e-08	5.06209376056483e-08
"a289940"	3.14726194919544e-07	3.31337046146061e-07
"a290098"	3.92197258284355e-07	6.02849347849084e-07
"a290411"	4.35774731427061e-09	4.14171307682577e-09
"a290521"	4.35774731427061e-08	9.66399717926012e-08
"a293048"	5.61665209394879e-07	9.15778780320364e-07
"a293170"	4.35774731427061e-09	1.84076136747812e-08
"a29321"	9.68388292060135e-09	2.76114205121718e-08
"a293855"	2.27571248634132e-07	3.08327529052585e-07
"a29394"	1.74309892570824e-07	2.80716108540413e-07
"a294564"	5.81032975236081e-08	9.66399717926012e-08
"a29522"	4.35774731427061e-09	1.38057102560859e-08
"a296044"	2.32413190094433e-07	4.37180824776053e-07
"a296654"	5.90716858156683e-07	9.80205428182098e-07
"a297471"	4.59984438728564e-07	4.64792245288225e-07
"a297745"	4.84194146030068e-09	6.90285512804295e-08
"a298214"	1.4525824380902e-08	4.6019034186953e-08
"a298321"	4.84194146030068e-08	6.44266478617342e-08
"a298801"	9.68388292060135e-09	4.6019034186953e-09
"a298831"	2.90516487618041e-08	1.84076136747812e-08
"a298934"	4.84194146030068e-09	1.38057102560859e-08
"a299135"	6.26547224962908e-06	6.82002086650643e-06
"a299477"	9.68388292060135e-09	3.68152273495624e-08
"a29968"	2.42097073015034e-08	3.22133239308671e-08
"a300591"	2.90516487618041e-08	1.38057102560859e-08
"a301024"	1.49131796977261e-06	1.54163764526292e-06
"a301058"	3.38935902221047e-08	5.98247444430389e-08
"a302078"	1.4525824380902e-07	1.74872329910421e-07
"a30289"	1.4525824380902e-08	5.98247444430389e-08
"a303380"	6.29452389839088e-08	1.4726090939825e-07
"a303402"	4.40616672887362e-07	4.97005569219092e-07
"a303935"	2.42097073015034e-08	4.14171307682577e-09
"a304047"	5.32613560633075e-08	8.28342615365154e-08
"a3046"	9.68388292060136e-08	5.52228410243436e-08
"a304856"	4.11565024125558e-07	6.53470285454732e-07
"a305594"	9.68388292060136e-08	2.76114205121718e-08
"a306771"	8.23130048251115e-08	6.90285512804295e-08
"a307441"	3.90744675846265e-06	3.63090179735059e-06
"a307658"	9.68388292060135e-09	1.19649488886078e-07
"a308252"	4.35774731427061e-09	4.14171307682577e-09
"a308396"	4.35774731427061e-08	4.14171307682577e-08
"a309675"	1.93677658412027e-08	5.52228410243436e-08
"a309897"	6.77871804442095e-08	1.4726090939825e-07
"a310239"	6.77871804442095e-08	1.01241875211297e-07
"a310335"	4.35774731427061e-09	4.14171307682577e-09
"a310484"	1.4041630234872e-07	2.20891364097374e-07
"a31057"	2.03361541332628e-07	3.17531335889976e-07
"a311032"	2.66306780316537e-07	4.55588438450834e-07
"a311495"	7.8439451656871e-07	5.84441734174303e-07
"a311607"	4.35774731427061e-08	7.82323581178201e-08
"a311659"	1.93677658412027e-08	4.14171307682577e-09
"a31193"	7.26291219045102e-08	1.61066619654335e-07
"a312220"	1.11364653586916e-07	2.3469707435346e-07
"a312576"	3.87355316824054e-08	1.38057102560859e-07
"a312809"	8.23130048251115e-08	2.30095170934765e-08
"a312860"	3.14726194919544e-07	3.26735142727366e-07
"a312866"	2.81800992989499e-06	2.90840296061543e-06
"a313182"	2.37255131554733e-07	2.62308494865632e-07
"a314232"	2.90516487618041e-08	4.6019034186953e-08
"a314723"	5.32613560633075e-08	1.28853295723468e-07
"a314982"	1.4525824380902e-08	1.84076136747812e-08
"a315023"	5.81032975236081e-08	1.5646471623564e-07
"a316116"	5.32613560633075e-08	1.88678040166507e-07
"a316172"	1.16206595047216e-07	5.52228410243436e-08
"a316508"	7.26291219045102e-08	5.98247444430389e-08
"a31662"	8.23130048251115e-08	6.90285512804295e-08
"a317300"	4.35774731427061e-09	3.68152273495624e-08
"a317854"	1.14754012609126e-06	9.47992104251231e-07
"a318278"	9.68388292060135e-09	4.14171307682577e-09
"a318317"	3.38935902221047e-08	1.15047585467382e-07
"a319392"	4.84194146030068e-09	2.76114205121718e-08
"a319726"	4.84194146030068e-08	1.19649488886078e-07
"a320147"	7.26291219045102e-08	1.84076136747812e-07
"a320337"	1.33637584304299e-06	1.48641480423858e-06
"a320463"	8.71549462854122e-08	1.74872329910421e-07
"a32076"	1.79151834031125e-07	2.80716108540413e-07
"a32100"	1.06522712126615e-07	2.11687557259984e-07
"a321444"	6.77871804442095e-08	1.24251392304773e-07
"a321483"	9.68388292060136e-08	1.24251392304773e-07
"a321597"	2.42097073015034e-08	2.76114205121718e-08
"a321730"	1.65594397942283e-06	1.52323003158814e-06
"a322755"	9.19968877457129e-07	7.50110257247333e-07
"a322872"	5.95558799616983e-07	7.36304546991248e-07
"a323070"	3.35546543198837e-06	3.53426182555799e-06
"a323165"	5.32613560633075e-08	8.74361649552107e-08
"a32334"	5.32613560633075e-08	8.28342615365154e-08
"a323442"	3.09884253459243e-07	4.09569404263881e-07
"a323666"	1.54942126729622e-07	2.48502784609546e-07
"a324052"	9.19968877457129e-08	7.36304546991248e-08
"a324174"	9.2965276037773e-07	9.9861304185688e-07
"a324414"	2.61464838856237e-07	3.8195798375171e-07
"a324746"	9.68388292060135e-09	3.68152273495624e-08
"a325245"	9.19968877457129e-08	1.15047585467382e-07
"a325553"	1.54942126729622e-07	3.58948466658233e-07
"a325758"	7.74710633648108e-08	2.07085653841288e-07
"a325955"	2.29023831072222e-06	2.50803736318894e-06
"a326003"	4.84194146030068e-09	4.14171307682577e-09
"a326108"	4.11565024125558e-06	4.37641015117923e-06
"a326114"	4.35774731427061e-08	3.22133239308671e-08
"a326394"	5.81032975236081e-08	5.98247444430389e-08
"a326910"	1.21048536507517e-07	1.93279943585202e-07
"a3270"	9.68388292060135e-09	1.84076136747812e-08
"a327688"	8.71549462854122e-08	5.98247444430389e-08
"a328552"	4.84194146030068e-08	1.61066619654335e-07
"a330040"	1.93677658412027e-08	4.6019034186953e-08
"a330047"	6.77871804442095e-08	5.52228410243436e-08
"a330957"	2.90516487618041e-08	6.90285512804295e-08
"a331671"	4.35774731427061e-07	3.95763694007796e-07
"a331913"	4.84194146030068e-09	9.2038068373906e-09
"a332159"	4.35774731427061e-08	6.90285512804295e-08
"a332229"	6.77871804442095e-08	1.84076136747812e-08
"a33247"	4.35774731427061e-09	1.38057102560859e-08
"a332871"	3.05042311998943e-07	3.26735142727366e-07
"a333031"	7.50500926346605e-07	8.92769263226888e-07
"a33363"	3.87355316824054e-08	1.05843778629992e-07
"a334359"	5.32613560633075e-08	1.51862812816945e-07
"a334597"	3.87355316824054e-07	3.63550370076929e-07
"a334657"	6.29452389839088e-08	9.66399717926012e-08
"a3349"	9.68388292060135e-09	4.14171307682577e-09
"a334957"	2.42097073015034e-08	4.14171307682577e-09
"a335755"	6.77871804442095e-08	8.28342615365154e-08
"a336199"	3.87355316824054e-08	4.14171307682577e-09
"a336357"	4.35774731427061e-09	3.22133239308671e-08
"a337090"	4.43521837763542e-06	4.98386140244701e-06
"a3371"	1.4525824380902e-08	3.22133239308671e-08
"a337161"	1.93677658412027e-08	3.22133239308671e-08
"a337515"	9.68388292060136e-08	1.88678040166507e-07
"a338141"	4.84194146030068e-09	1.01241875211297e-07
"a338885"	4.84194146030068e-08	4.14171307682577e-08
"a339105"	5.90716858156683e-07	4.37180824776053e-07
"a339247"	6.87555687362696e-07	6.30460768361256e-07
"a339471"	7.35975101965703e-07	6.44266478617342e-07
"a339747"	5.32613560633075e-08	6.44266478617342e-08
"a339876"	2.66306780316537e-07	4.46384631613444e-07
"a3432"	4.84194146030068e-09	1.38057102560859e-08
"a343237"	4.35774731427061e-09	4.6019034186953e-09
"a343258"	6.87555687362696e-07	4.18773211101272e-07
"a343584"	3.87355316824054e-08	1.65668523073031e-07
"a344152"	2.19824142297651e-06	2.6460944657498e-06
"a34445"	2.51780955935635e-07	2.71512301703023e-07
"a34457"	7.26291219045102e-08	1.79474233329117e-07
"a344720"	3.87355316824054e-08	4.14171307682577e-08
"a344877"	3.06010700291003e-06	3.43301995034669e-06
"a345"	2.60012256418146e-06	2.50343545977024e-06
"a345820"	6.29452389839088e-08	1.38057102560859e-07
"a347022"	1.98519599872328e-07	1.42659005979554e-07
"a347710"	9.68388292060135e-09	7.82323581178201e-08
"a348319"	3.38935902221047e-08	4.6019034186953e-09
"a350026"	5.32613560633075e-08	8.74361649552107e-08
"a350357"	1.93677658412027e-08	9.2038068373906e-09
"a35051"	4.84194146030068e-08	1.33455199142164e-07
"a350648"	8.23130048251115e-08	6.44266478617342e-08
"a350902"	9.68388292060135e-09	1.84076136747812e-08
"a35106"	3.87355316824054e-08	6.90285512804295e-08
"a351431"	1.11364653586916e-07	4.27977017938663e-07
"a351500"	1.50100185269321e-07	4.14171307682577e-07
"a351671"	2.1449800669132e-06	2.34236884011591e-06
"a351696"	2.03361541332628e-07	2.80716108540413e-07
"a35290"	6.29452389839088e-08	4.14171307682577e-08
"a35337"	5.85874916696382e-07	3.63550370076929e-07
"a354365"	6.77871804442095e-08	5.98247444430389e-08
"a354370"	1.21048536507517e-07	2.62308494865632e-07
"a355539"	3.38935902221047e-08	1.65668523073031e-07
"a356000"	4.9871997041097e-07	3.72754176914319e-07
"a356029"	1.89804105243787e-06	1.98802227687637e-06
"a356477"	7.26291219045102e-08	1.65668523073031e-07
"a356579"	3.38935902221047e-08	2.76114205121718e-08
"a356798"	1.72857310132734e-06	2.14448699311201e-06
"a356893"	4.84194146030068e-09	5.06209376056483e-08
"a357005"	6.29452389839088e-08	1.01241875211297e-07
"a357288"	1.4525824380902e-08	5.06209376056483e-08
"a357293"	6.77871804442095e-08	1.84076136747812e-08
"a358137"	3.38935902221047e-08	1.84076136747812e-08
"a3585"	1.4525824380902e-07	2.80716108540413e-07
"a358966"	1.16206595047216e-07	5.98247444430389e-08
"a359018"	5.32613560633075e-08	1.24251392304773e-07
"a359263"	1.15722400901186e-06	1.57845287261249e-06
"a359378"	4.35774731427061e-09	5.98247444430389e-08
"a359548"	6.77871804442095e-08	1.65668523073031e-07
"a359741"	2.125612301072e-06	2.08466224866897e-06
"a359988"	4.35774731427061e-09	1.84076136747812e-08
"a360328"	9.19968877457129e-08	1.84076136747812e-07
"a360493"	1.4041630234872e-07	1.51862812816945e-07
"a362142"	5.32613560633075e-08	1.10445682048687e-07
"a36216"	7.74710633648108e-08	1.51862812816945e-07
"a36250"	8.71549462854122e-08	1.15047585467382e-07
"a363628"	4.84194146030068e-09	9.2038068373906e-09
"a36446"	4.35774731427061e-09	4.14171307682577e-09
"a364808"	1.99487988164388e-06	1.50942432133206e-06
"a3649"	2.42097073015034e-08	9.2038068373906e-09
"a365524"	1.61720844774043e-06	2.16289460678679e-06
"a365539"	9.68388292060136e-08	4.6019034186953e-07
"a366152"	2.90516487618041e-08	3.22133239308671e-08
"a366192"	9.68388292060135e-09	4.6019034186953e-08
"a367008"	1.66078592088313e-06	1.49101670765728e-06
"a368293"	4.35774731427061e-08	3.22133239308671e-08
"a368469"	4.35774731427061e-09	4.14171307682577e-09
"a369163"	2.61464838856237e-07	2.16289460678679e-07
"a369520"	3.87355316824054e-08	5.06209376056483e-08
"a370604"	9.68388292060135e-09	9.2038068373906e-09
"a370642"	1.30732419428118e-07	2.07085653841288e-07
"a371147"	1.59784068189922e-07	3.17531335889976e-07
"a371490"	4.84194146030068e-09	4.14171307682577e-09
"a371549"	9.68388292060135e-09	3.22133239308671e-08
"a371766"	6.92397628822997e-07	9.47992104251231e-07
"a371772"	4.84194146030068e-09	3.68152273495624e-08
"a371875"	1.01680770666314e-07	1.74872329910421e-07
"a372307"	2.42097073015034e-08	2.76114205121718e-08
"a372848"	8.71549462854122e-08	6.90285512804295e-08
"a373070"	3.87355316824054e-08	9.2038068373906e-09
"a373295"	6.29452389839088e-08	5.98247444430389e-08
"a373407"	3.43777843681348e-07	2.39298977772155e-07
"a373460"	9.73230233520436e-07	7.13295029897771e-07
"a373622"	1.06038517980585e-06	9.52594007669927e-07
"a374034"	4.35774731427061e-09	1.19649488886078e-07
"a37423"	1.21048536507517e-07	1.4726090939825e-07
"a374425"	8.71549462854122e-08	2.80716108540413e-07
"a374662"	1.59784068189922e-07	2.39298977772155e-07
"a375095"	6.77871804442095e-08	1.65668523073031e-07
"a375511"	1.06522712126615e-07	1.5646471623564e-07
"a376020"	9.68388292060135e-09	4.14171307682577e-08
"a376375"	8.42497814092318e-07	5.33820796568655e-07
"a376856"	6.34294331299389e-07	8.00731194852982e-07
"a377"	1.64626009650223e-07	2.62308494865632e-07
"a377167"	5.32613560633075e-08	5.06209376056483e-08
"a377511"	6.36715302029539e-06	6.14814296737692e-06
"a377523"	2.8567454615774e-07	3.22133239308671e-07
"a377838"	3.87355316824054e-08	3.68152273495624e-08
"a379457"	4.84194146030068e-09	4.14171307682577e-09
"a379887"	1.93677658412027e-08	9.66399717926012e-08
"a38098"	9.68388292060135e-09	4.14171307682577e-09
"a381123"	4.84194146030068e-08	1.05843778629992e-07
"a381638"	4.84194146030068e-09	9.2038068373906e-09
"a381664"	1.4525824380902e-08	5.98247444430389e-08
"a381748"	9.68388292060136e-08	3.68152273495624e-08
"a381878"	2.56622897395936e-07	3.8195798375171e-07
"a38202"	1.93677658412027e-08	2.76114205121718e-08
"a382363"	4.35774731427061e-08	4.14171307682577e-08
"a382495"	5.81032975236081e-08	5.52228410243436e-08
"a382861"	3.87355316824054e-08	4.14171307682577e-09
"a382986"	9.68388292060135e-09	4.6019034186953e-09
"a383402"	4.84194146030068e-09	8.74361649552107e-08
"a383421"	4.35774731427061e-09	3.22133239308671e-08
"a383928"	5.81032975236081e-07	6.81081705966904e-07
"a384224"	4.35774731427061e-09	4.14171307682577e-09
"a385187"	1.93677658412027e-08	1.84076136747812e-08
"a385624"	3.72829492443152e-07	3.72754176914319e-07
"a386559"	6.68187921521494e-07	6.58072188873428e-07
"a38671"	2.08203482792929e-07	2.99123722215194e-07
"a386729"	9.68388292060136e-08	1.05843778629992e-07
"a386984"	2.90516487618041e-08	8.28342615365154e-08
"a387567"	1.98519599872328e-07	2.16289460678679e-07
"a388404"	6.77871804442095e-08	1.51862812816945e-07
"a388743"	9.19968877457129e-08	1.33455199142164e-07
"a389030"	3.38935902221047e-08	1.61066619654335e-07
"a389959"	4.48363779223843e-06	4.58349580502052e-06
"a390253"	9.68388292060136e-08	1.15047585467382e-07
"a390488"	4.35774731427061e-08	5.52228410243436e-08
"a391803"	3.92197258284355e-07	4.92403665800397e-07
"a391824"	7.26291219045102e-08	7.82323581178201e-08
"a392282"	4.35774731427061e-09	3.68152273495624e-08
"a392442"	3.87355316824054e-08	1.38057102560859e-08
"a393033"	9.68388292060136e-08	2.16289460678679e-07
"a393226"	1.93677658412027e-08	5.98247444430389e-08
"a393272"	7.74710633648108e-08	4.6019034186953e-08
"a393303"	4.35774731427061e-08	4.6019034186953e-08
"a393342"	4.84194146030068e-08	4.14171307682577e-08
"a394653"	1.93677658412027e-08	9.2038068373906e-09
"a394871"	4.35774731427061e-09	9.2038068373906e-09
"a3951"	5.32613560633075e-08	4.6019034186953e-08
"a395842"	5.81032975236081e-08	1.33455199142164e-07
"a396181"	7.74710633648108e-08	1.38057102560859e-07
"a397152"	2.42097073015034e-08	7.82323581178201e-08
"a397207"	1.22501118945607e-06	1.20569869569817e-06
"a397445"	4.84194146030068e-09	4.14171307682577e-09
"a39754"	1.83993775491426e-07	3.8195798375171e-07
"a397604"	7.26291219045102e-08	1.97881847003898e-07
"a39765"	3.87355316824054e-08	1.19649488886078e-07
"a398506"	4.35774731427061e-08	8.28342615365154e-08
"a398553"	1.30732419428118e-07	2.11687557259984e-07
"a398595"	1.21048536507517e-07	2.62308494865632e-07
"a399155"	7.74710633648108e-08	1.51862812816945e-07
"a399407"	1.93677658412027e-08	2.76114205121718e-08
"a399942"	1.82056998907305e-06	1.35756150851511e-06
"a399993"	5.32613560633075e-08	2.30095170934765e-08
"a400251"	1.04101741396465e-06	9.15778780320364e-07
"a400641"	1.50100185269321e-07	3.0372562563389e-07
"a400749"	9.68388292060136e-08	1.01241875211297e-07
"a400853"	4.84194146030068e-08	1.33455199142164e-07
"a401128"	1.93677658412027e-08	5.06209376056483e-08
"a401814"	3.87355316824054e-08	5.98247444430389e-08
"a402435"	5.81032975236081e-08	3.68152273495624e-08
"a402463"	1.06522712126615e-07	1.61066619654335e-07
"a402754"	9.68388292060135e-09	9.2038068373906e-09
"a403181"	1.50100185269321e-07	1.84076136747812e-07
"a403184"	1.25890477967818e-07	1.10445682048687e-07
"a403605"	3.28767825154416e-06	2.76574395463587e-06
"a40366"	3.19568136379845e-07	1.88678040166507e-07
"a403900"	4.84194146030068e-08	5.06209376056483e-08
"a404442"	1.4041630234872e-07	1.97881847003898e-07
"a404552"	4.84194146030068e-08	1.38057102560859e-07
"a404594"	5.81032975236081e-08	4.14171307682577e-08
"a40498"	1.3993210820269e-06	1.39897863928337e-06
"a405584"	9.68388292060136e-08	1.05843778629992e-07
"a405682"	8.23130048251115e-08	1.10445682048687e-07
"a405707"	2.42097073015034e-08	1.10445682048687e-07
"a405738"	3.24410077840145e-07	2.66910398284327e-07
"a405779"	1.4041630234872e-07	3.77356080333014e-07
"a406144"	4.35774731427061e-08	1.93279943585202e-07
"a406427"	8.23130048251115e-08	6.90285512804295e-08
"a406621"	1.11364653586916e-07	1.38057102560859e-07
"a406668"	9.68388292060136e-08	1.42659005979554e-07
"a407471"	2.37255131554733e-07	4.14171307682577e-07
"a407693"	3.29252019300446e-07	1.70270426491726e-07
"a407945"	1.11364653586916e-07	1.05843778629992e-07
"a408073"	4.92909640658609e-06	3.85179316144796e-06
"a408583"	1.06522712126615e-07	6.44266478617342e-08
"a409384"	4.35774731427061e-09	5.06209376056483e-08
"a409943"	1.93677658412027e-06	2.38378597088416e-06
"a410059"	1.25890477967818e-07	1.84076136747812e-07
"a410266"	7.60184809267206e-07	6.48868382036037e-07
"a410377"	4.35774731427061e-09	7.82323581178201e-08
"a410436"	5.32613560633075e-08	1.38057102560859e-07
"a410473"	1.01680770666314e-07	2.11687557259984e-07
"a411122"	4.35774731427061e-08	4.6019034186953e-09
"a411683"	1.11364653586916e-07	1.24251392304773e-07
"a411952"	1.4525824380902e-08	4.14171307682577e-09
"a413198"	4.84194146030068e-09	1.38057102560859e-08
"a413377"	2.42097073015034e-07	2.07085653841288e-07
"a414343"	1.93677658412027e-08	3.68152273495624e-08
"a414998"	9.68388292060135e-09	1.38057102560859e-08
"a415804"	2.03361541332628e-07	3.95763694007796e-07
"a416042"	8.71549462854122e-08	1.93279943585202e-07
"a416086"	5.37455502093375e-07	7.68517870922115e-07
"a416770"	1.64626009650223e-07	4.64792245288225e-07
"a417389"	4.35774731427061e-09	5.98247444430389e-08
"a417445"	1.69467951110524e-07	1.51862812816945e-07
"a419428"	1.88835716951726e-07	3.22133239308671e-07
"a420736"	3.82513375363754e-07	3.35938949564757e-07
"a421172"	4.35774731427061e-08	6.90285512804295e-08
"a421786"	4.84194146030068e-09	4.6019034186953e-08
"a422278"	1.93677658412027e-08	5.98247444430389e-08
"a422654"	7.26291219045102e-08	8.28342615365154e-08
"a422798"	3.38935902221047e-08	6.44266478617342e-08
"a42280"	8.71549462854122e-08	1.42659005979554e-07
"a422904"	1.11364653586916e-07	1.24251392304773e-07
"a423057"	2.51780955935635e-07	3.77356080333014e-07
"a424009"	6.29452389839088e-08	1.15047585467382e-07
"a424609"	3.87355316824054e-08	2.30095170934765e-08
"a424735"	4.35774731427061e-09	9.2038068373906e-09
"a42483"	1.4041630234872e-07	3.35938949564757e-07
"a425264"	1.48163408685201e-06	1.01702065553166e-06
"a425306"	4.84194146030068e-08	5.52228410243436e-08
"a425529"	7.26291219045102e-08	1.15047585467382e-07
"a42568"	5.32613560633075e-08	7.36304546991248e-08
"a425923"	4.35774731427061e-09	2.76114205121718e-08
"a425951"	4.84194146030068e-09	3.68152273495624e-08
"a426044"	4.84194146030068e-09	3.68152273495624e-08
"a426519"	4.35774731427061e-08	1.28853295723468e-07
"a427508"	1.69467951110524e-07	1.51862812816945e-07
"a42802"	2.90516487618041e-08	4.14171307682577e-08
"a428114"	1.88835716951726e-07	2.39298977772155e-07
"a428188"	1.01680770666314e-07	2.16289460678679e-07
"a428212"	1.71888921840674e-06	1.8591689811529e-06
"a428350"	1.07975294564705e-06	8.97371166645583e-07
"a428540"	2.42097073015034e-08	3.22133239308671e-08
"a429016"	1.11364653586916e-07	1.70270426491726e-07
"a429045"	9.68388292060136e-08	1.05843778629992e-07
"a429192"	4.69668321649166e-07	1.79474233329117e-07
"a429597"	5.81032975236081e-08	1.79474233329117e-07
"a429667"	8.71549462854122e-08	7.82323581178201e-08
"a430664"	5.47139385013977e-07	7.68517870922115e-07
"a430694"	3.87355316824054e-08	1.38057102560859e-08
"a43073"	3.24410077840145e-07	5.79839830755607e-07
"a430798"	1.16206595047216e-07	5.06209376056483e-08
"a430936"	1.21048536507517e-07	2.02483750422593e-07
"a431012"	3.94618229014505e-06	4.64792245288225e-06
"a431029"	4.84194146030068e-08	6.90285512804295e-08
"a431152"	2.42097073015034e-08	1.38057102560859e-08
"a431214"	2.36770937408703e-06	2.08466224866897e-06
"a4313"	2.75990663237139e-07	4.55588438450834e-07
"a431537"	3.43777843681348e-07	3.22133239308671e-07
"a432331"	2.90516487618041e-08	4.14171307682577e-09
"a432385"	2.56622897395936e-07	2.43900881190851e-07
"a432389"	4.84194146030068e-09	4.6019034186953e-09
"a432750"	1.4525824380902e-08	1.38057102560859e-08
"a43299"	4.84194146030068e-09	2.76114205121718e-08
"a433637"	4.84194146030068e-08	1.19649488886078e-07
"a433835"	6.29452389839088e-08	2.02483750422593e-07
"a433848"	2.71632915922868e-06	3.40080662641582e-06
"a434060"	2.42097073015034e-08	5.52228410243436e-08
"a434188"	3.43777843681348e-07	5.01607472637787e-07
"a434238"	7.26291219045102e-08	1.19649488886078e-07
"a434350"	2.08203482792929e-07	5.43024603406045e-07
"a434440"	4.35774731427061e-09	4.6019034186953e-09
"a434960"	6.10084623997885e-07	6.1665505810517e-07
"a435214"	9.19968877457129e-07	1.27932915039729e-06
"a435260"	2.20308336443681e-06	3.09247909736324e-06
"a43617"	4.35774731427061e-09	4.14171307682577e-09
"a436266"	4.93878028950669e-07	2.76114205121718e-07
"a436788"	3.38935902221047e-08	1.01241875211297e-07
"a437487"	4.35774731427061e-08	2.2549326751607e-07
"a437602"	4.35774731427061e-09	4.14171307682577e-09
"a437827"	2.08203482792929e-07	2.57706591446937e-07
"a438074"	1.11364653586916e-07	2.94521818796499e-07
"a438130"	4.84194146030068e-08	1.01241875211297e-07
"a438346"	1.4525824380902e-08	4.6019034186953e-09
"a438427"	8.23130048251115e-08	3.68152273495624e-08
"a438696"	8.95759170155625e-07	1.11366062732426e-06
"a439056"	4.35774731427061e-09	4.14171307682577e-09
"a439699"	5.81032975236081e-08	1.15047585467382e-07
"a439739"	4.84194146030068e-09	9.2038068373906e-09
"a440417"	9.68388292060135e-09	9.66399717926012e-08
"a440706"	1.20564342361487e-06	1.18268917860469e-06
"a440766"	3.24410077840145e-07	4.6939414870692e-07
"a441099"	1.4525824380902e-08	5.98247444430389e-08
"a441385"	9.49020526218933e-07	1.2747272469786e-06
"a441441"	3.87355316824054e-08	3.68152273495624e-08
"a441469"	4.35774731427061e-09	3.68152273495624e-08
"a441483"	9.68388292060135e-09	5.98247444430389e-08
"a441649"	5.32613560633075e-08	1.38057102560859e-07
"a442215"	4.84194146030068e-08	6.90285512804295e-08
"a442848"	4.2609084850646e-07	2.85318011959108e-07
"a442867"	4.35774731427061e-08	5.52228410243436e-08
"a442986"	8.23130048251115e-07	9.66399717926013e-07
"a444181"	4.84194146030068e-08	1.84076136747812e-08
"a444639"	5.32613560633075e-08	3.68152273495624e-08
"a444827"	4.35774731427061e-08	6.44266478617342e-08
"a445226"	2.75990663237139e-07	2.76114205121718e-07
"a445536"	4.84194146030068e-08	5.98247444430389e-08
"a445972"	4.84194146030068e-08	9.66399717926012e-08
"a446216"	6.29452389839088e-08	1.5646471623564e-07
"a44657"	7.74710633648108e-08	2.2549326751607e-07
"a44677"	3.87355316824054e-06	4.10029594605751e-06
"a447174"	8.23130048251115e-07	5.84441734174303e-07
"a447303"	1.4525824380902e-08	5.98247444430389e-08
"a448037"	1.78667639885095e-06	2.5448525905385e-06
"a448039"	4.35774731427061e-09	9.2038068373906e-09
"a448124"	1.4525824380902e-08	1.84076136747812e-08
"a449833"	2.8567454615774e-06	2.03404131106332e-06
"a45014"	1.59784068189922e-07	2.71512301703023e-07
"a450490"	3.5878786220828e-06	3.36399139906626e-06
"a450904"	1.21048536507517e-07	2.66910398284327e-07
"a451178"	1.30732419428118e-07	2.89919915377804e-07
"a451921"	5.32613560633075e-08	1.05843778629992e-07
"a452076"	4.35774731427061e-08	7.36304546991248e-08
"a45253"	6.29452389839088e-08	4.6019034186953e-08
"a452579"	1.93677658412027e-08	1.38057102560859e-08
"a452861"	7.50500926346605e-07	6.12053154686475e-07
"a453065"	1.54942126729622e-06	1.40818244612076e-06
"a453088"	1.50100185269321e-07	2.07085653841288e-07
"a453229"	9.68388292060136e-08	1.10445682048687e-07
"a453626"	4.35774731427061e-09	4.6019034186953e-09
"a453822"	9.68388292060135e-09	5.06209376056483e-08
"a454195"	1.50100185269321e-07	2.57706591446937e-07
"a454253"	6.09116235705825e-06	4.91943475458527e-06
"a454313"	6.77871804442095e-08	8.74361649552107e-08
"a454396"	2.27571248634132e-07	2.39298977772155e-07
"a45463"	4.35774731427061e-09	4.14171307682577e-09
"a454707"	6.29452389839088e-08	1.28853295723468e-07
"a455231"	6.29452389839088e-07	6.35062671779951e-07
"a455555"	1.06522712126615e-07	1.70270426491726e-07
"a455628"	9.19968877457129e-08	1.10445682048687e-07
"a456050"	7.74710633648108e-08	1.15047585467382e-07
"a456070"	2.42097073015034e-08	8.28342615365154e-08
"a456468"	1.93677658412027e-08	9.2038068373906e-09
"a456572"	3.72829492443152e-07	5.75237927336912e-07
"a457516"	2.90516487618041e-08	5.98247444430389e-08
"a457785"	1.4525824380902e-08	5.98247444430389e-08
"a457836"	8.71549462854122e-07	9.75603524763403e-07
"a458227"	7.26291219045102e-08	4.6019034186953e-08
"a458644"	3.87355316824054e-08	5.98247444430389e-08
"a458731"	6.24610448378787e-06	6.25398674600691e-06
"a458847"	9.53862467679234e-07	1.072243496556e-06
"a459310"	9.49020526218933e-07	1.30694057090946e-06
"a459563"	3.38935902221047e-08	2.76114205121718e-08
"a460031"	4.35774731427061e-09	4.6019034186953e-09
"a460614"	2.46939014475335e-07	2.66910398284327e-07
"a461767"	1.4525824380902e-08	1.84076136747812e-08
"a461956"	1.93677658412027e-08	1.38057102560859e-08
"a462172"	2.03361541332628e-07	5.24616989731264e-07
"a462457"	5.76191033775781e-07	7.36304546991248e-07
"a462711"	1.4525824380902e-08	2.76114205121718e-08
"a463338"	1.30732419428118e-07	8.28342615365154e-08
"a46436"	8.23130048251115e-08	1.61066619654335e-07
"a46444"	4.84194146030068e-08	1.33455199142164e-07
"a464493"	5.32613560633075e-08	1.38057102560859e-08
"a465047"	1.93677658412027e-08	8.74361649552107e-08
"a46508"	6.77871804442095e-08	4.14171307682577e-08
"a465136"	3.82513375363754e-07	4.37180824776053e-07
"a465486"	4.35774731427061e-08	1.19649488886078e-07
"a465563"	1.98519599872328e-07	3.17531335889976e-07
"a465604"	3.82513375363754e-07	3.0372562563389e-07
"a466034"	1.4041630234872e-07	1.97881847003898e-07
"a466117"	6.77871804442095e-08	3.22133239308671e-08
"a466369"	1.93677658412027e-07	4.50986535032139e-07
"a46642"	5.32613560633075e-08	8.28342615365154e-08
"a466452"	3.00200370538642e-07	3.58948466658233e-07
"a466526"	7.26291219045102e-08	2.99123722215194e-07
"a466657"	8.71549462854122e-08	1.05843778629992e-07
"a466880"	9.68388292060135e-09	6.44266478617342e-08
"a467026"	1.4525824380902e-08	6.44266478617342e-08
"a46750"	4.35774731427061e-08	1.5646471623564e-07
"a467641"	1.4525824380902e-07	1.10445682048687e-07
"a468020"	3.87355316824054e-08	6.90285512804295e-08
"a468720"	3.87355316824054e-08	1.28853295723468e-07
"a469526"	2.68727751046688e-06	2.77494776147326e-06
"a469758"	7.74710633648108e-08	1.19649488886078e-07
"a469801"	3.09884253459243e-07	2.94521818796499e-07
"a470152"	2.42097073015034e-08	1.5646471623564e-07
"a470200"	2.71148721776838e-07	3.63550370076929e-07
"a470377"	4.2609084850646e-07	3.77356080333014e-07
"a470467"	2.66306780316537e-07	3.8195798375171e-07
"a47074"	1.83993775491426e-07	2.3469707435346e-07
"a470812"	4.84194146030068e-08	8.28342615365154e-08
"a471041"	9.68388292060135e-09	1.84076136747812e-08
"a471656"	5.32613560633075e-08	8.74361649552107e-08
"a471658"	8.23130048251115e-08	2.53104688028241e-07
"a472754"	1.16206595047216e-07	3.22133239308671e-08
"a47384"	3.87355316824054e-08	7.36304546991248e-08
"a473868"	4.35774731427061e-08	3.22133239308671e-08
"a474012"	2.42097073015034e-08	4.6019034186953e-08
"a474272"	5.81032975236081e-07	5.89043637592998e-07
"a474474"	5.56823267934578e-07	3.0372562563389e-07
"a474566"	1.72373115986704e-06	1.5692490657751e-06
"a474646"	1.30732419428118e-07	2.07085653841288e-07
"a474658"	3.38935902221047e-08	1.28853295723468e-07
"a475007"	4.35774731427061e-08	8.74361649552107e-08
"a47539"	1.35574360888419e-07	1.05843778629992e-07
"a475429"	1.4525824380902e-08	2.76114205121718e-08
"a475751"	5.32613560633075e-08	5.52228410243436e-08
"a47602"	9.68388292060135e-09	4.14171307682577e-09
"a477005"	2.42097073015034e-08	2.30095170934765e-08
"a477270"	3.82513375363754e-07	6.1665505810517e-07
"a477942"	2.75990663237139e-07	3.77356080333014e-07
"a47806"	5.81032975236081e-08	1.33455199142164e-07
"a478557"	1.35574360888419e-07	1.65668523073031e-07
"a478775"	1.74309892570824e-07	3.54346563239538e-07
"a478935"	2.42097073015034e-08	8.28342615365154e-08
"a479351"	4.84194146030068e-08	9.2038068373906e-08
"a47960"	4.35774731427061e-09	3.22133239308671e-08
"a479659"	7.74710633648108e-08	1.28853295723468e-07
"a479699"	4.84194146030068e-09	1.38057102560859e-08
"a480025"	2.08203482792929e-07	3.22133239308671e-07
"a480282"	4.84194146030068e-09	5.98247444430389e-08
"a480596"	5.81032975236081e-08	9.71001621344708e-07
"a480611"	4.35774731427061e-08	4.6019034186953e-08
"a480715"	2.42097073015034e-08	6.90285512804295e-08
"a480737"	8.23130048251115e-08	7.82323581178201e-07
"a480846"	1.83993775491426e-07	2.30095170934765e-07
"a48174"	1.27827254551938e-06	1.44959957688902e-06
"a481796"	4.84194146030068e-09	4.14171307682577e-08
"a482199"	1.93677658412027e-08	1.38057102560859e-07
"a482202"	6.77871804442095e-08	3.26735142727366e-07
"a482563"	5.81032975236081e-08	6.76479802548209e-07
"a482580"	1.4525824380902e-07	6.9488741622299e-07
"a482650"	5.61665209394879e-07	4.04967500845186e-07
"a482669"	2.42097073015034e-08	3.22133239308671e-08
"a482848"	5.81032975236081e-08	1.05843778629992e-07
"a482967"	9.68388292060135e-09	4.6019034186953e-09
"a483282"	1.50100185269321e-07	2.2549326751607e-07
"a483374"	9.68388292060135e-09	3.68152273495624e-08
"a48343"	5.32613560633075e-08	1.84076136747812e-08
"a483829"	2.42097073015034e-08	5.98247444430389e-08
"a483929"	4.84194146030068e-08	7.82323581178201e-08
"a483967"	1.35574360888419e-07	1.10445682048687e-07
"a484003"	1.4041630234872e-07	1.19649488886078e-07
"a48486"	3.87355316824054e-08	7.36304546991248e-08
"a484948"	2.03361541332628e-07	4.27977017938663e-07
"a485158"	3.87355316824054e-08	1.79474233329117e-07
"a485182"	4.84194146030068e-09	1.01241875211297e-07
"a485263"	7.74710633648108e-08	1.42659005979554e-07
"a485629"	3.87355316824054e-08	4.14171307682577e-08
"a485657"	6.77871804442095e-08	1.05843778629992e-07
"a4862"	4.01881141204956e-07	5.15413182893873e-07
"a486603"	1.64626009650223e-07	2.07085653841288e-07
"a486978"	3.48619785141649e-07	5.3842269998735e-07
"a487473"	1.35090166742389e-06	2.67830778968066e-06
"a487675"	4.84194146030068e-09	5.52228410243436e-08
"a488516"	1.01680770666314e-07	6.90285512804295e-08
"a488585"	4.84194146030068e-08	1.84076136747812e-07
"a489240"	4.35774731427061e-09	4.14171307682577e-09
"a489283"	1.69467951110524e-07	2.57706591446937e-07
"a489700"	3.38935902221047e-08	3.22133239308671e-08
"a490108"	2.42097073015034e-08	4.6019034186953e-09
"a490506"	4.35774731427061e-08	6.90285512804295e-08
"a492635"	1.06522712126615e-07	1.70270426491726e-07
"a492993"	9.68388292060135e-09	5.52228410243436e-08
"a493354"	9.68388292060135e-09	9.66399717926012e-08
"a493361"	1.74309892570824e-07	1.38057102560859e-07
"a493848"	4.84194146030068e-09	5.52228410243436e-08
"a493992"	9.68388292060136e-08	9.2038068373906e-08
"a494713"	6.29452389839088e-08	9.2038068373906e-08
"a495150"	3.38935902221047e-08	3.68152273495624e-08
"a495328"	4.84194146030068e-08	7.36304546991248e-08
"a49642"	7.26291219045102e-08	4.6019034186953e-08
"a496909"	3.38935902221047e-08	6.44266478617342e-08
"a497551"	8.71549462854122e-08	8.74361649552107e-08
"a497659"	7.74710633648108e-08	5.06209376056483e-08
"a498743"	1.4525824380902e-08	7.82323581178201e-08
"a499694"	1.4525824380902e-08	9.2038068373906e-09
"a499744"	1.09427877002795e-06	9.01973070064278e-07
"a499818"	3.87355316824054e-08	1.01241875211297e-07
"a49998"	4.35774731427061e-08	3.22133239308671e-08
"a50566"	6.77871804442095e-08	3.31337046146061e-07
"a50780"	9.68388292060135e-09	1.84076136747812e-08
"a50954"	1.30732419428118e-07	1.61066619654335e-07
"a51156"	9.68388292060135e-09	3.68152273495624e-08
"a51403"	1.11364653586916e-07	2.76114205121718e-07
"a52055"	9.19968877457129e-08	1.01241875211297e-07
"a52092"	8.71549462854122e-08	1.33455199142164e-07
"a52288"	2.71632915922868e-06	3.16150764864367e-06
"a5236"	1.93677658412027e-08	1.10445682048687e-07
"a52370"	8.71549462854122e-08	8.28342615365154e-08
"a52694"	1.4041630234872e-07	1.15047585467382e-07
"a53002"	1.25890477967818e-07	1.70270426491726e-07
"a53127"	1.69467951110524e-06	1.92819753243333e-06
"a53213"	6.10084623997885e-07	5.24616989731264e-07
"a53234"	4.35774731427061e-09	4.6019034186953e-08
"a53482"	4.84194146030068e-09	4.14171307682577e-09
"a53497"	1.63173427212133e-06	1.42198815637685e-06
"a53541"	4.84194146030068e-08	8.74361649552107e-08
"a5355"	6.77871804442095e-08	2.76114205121718e-08
"a53555"	1.4525824380902e-08	4.14171307682577e-08
"a53637"	4.84194146030068e-08	1.19649488886078e-07
"a53687"	4.35774731427061e-09	4.14171307682577e-09
"a53733"	2.90516487618041e-08	1.4726090939825e-07
"a53884"	1.01680770666314e-07	2.30095170934765e-08
"a5404"	1.4525824380902e-07	3.49744659820843e-07
"a54325"	2.90516487618041e-08	1.5646471623564e-07
"a54341"	9.68388292060135e-09	4.14171307682577e-09
"a54722"	1.93677658412027e-08	1.65668523073031e-07
"a54868"	4.35774731427061e-08	4.6019034186953e-08
"a5503"	7.74710633648108e-08	7.36304546991248e-08
"a55032"	4.84194146030068e-09	1.38057102560859e-08
"a5512"	6.77871804442095e-08	1.24251392304773e-07
"a55236"	1.30732419428118e-07	1.33455199142164e-07
"a55279"	5.81032975236081e-08	4.14171307682577e-08
"a55374"	1.93677658412027e-08	3.68152273495624e-08
"a55469"	4.55142497268264e-07	5.52228410243436e-07
"a55688"	4.35774731427061e-09	1.84076136747812e-08
"a56048"	2.1788736571353e-07	2.39298977772155e-07
"a56362"	4.35774731427061e-08	4.6019034186953e-08
"a56381"	7.79552575108409e-07	9.61797814507317e-07
"a56752"	9.68388292060135e-09	4.6019034186953e-09
"a57341"	2.90516487618041e-08	7.36304546991248e-08
"a57598"	4.84194146030068e-09	5.06209376056483e-08
"a57798"	7.26291219045102e-08	2.20891364097374e-07
"a58020"	4.35774731427061e-09	4.14171307682577e-09
"a58143"	1.01680770666314e-07	1.10445682048687e-07
"a58450"	4.84194146030068e-09	4.14171307682577e-09
"a58600"	2.42097073015034e-08	6.44266478617342e-08
"a59240"	7.35975101965703e-07	5.10811279475178e-07
"a59433"	1.35574360888419e-07	2.20891364097374e-07
"a59470"	6.29452389839088e-08	1.19649488886078e-07
"a59643"	2.42097073015034e-08	4.6019034186953e-09
"a59785"	8.5702363847322e-07	8.19138808527763e-07
"a59825"	2.37739325700763e-06	2.18130222046157e-06
"a59878"	6.77871804442095e-08	1.33455199142164e-07
"a60765"	4.35774731427061e-09	2.30095170934765e-08
"a60769"	1.93677658412027e-08	3.68152273495624e-08
"a6119"	6.29452389839088e-08	1.10445682048687e-07
"a62576"	3.87355316824054e-08	5.06209376056483e-08
"a62968"	6.29452389839088e-08	1.42659005979554e-07
"a63080"	1.59784068189922e-07	2.57706591446937e-07
"a63105"	5.81032975236081e-08	8.74361649552107e-08
"a63205"	5.81032975236081e-08	8.74361649552107e-08
"a63830"	9.68388292060135e-09	7.82323581178201e-08
"a63978"	6.77871804442095e-08	4.6019034186953e-08
"a63982"	2.42097073015034e-08	1.38057102560859e-08
"a64700"	1.69467951110524e-07	3.58948466658233e-07
"a65280"	8.71549462854122e-08	1.05843778629992e-07
"a65348"	3.34093960760747e-07	3.911617905891e-07
"a65665"	5.32613560633075e-08	2.76114205121718e-08
"a65889"	9.68388292060135e-09	6.44266478617342e-08
"a66367"	4.35774731427061e-08	2.30095170934765e-07
"a6655"	9.68388292060135e-09	9.2038068373906e-08
"a66695"	5.32613560633075e-08	1.84076136747812e-07
"a67749"	3.38935902221047e-08	1.84076136747812e-08
"a679"	2.90516487618041e-08	9.66399717926012e-08
"a68455"	3.87355316824054e-08	1.84076136747812e-08
"a6933"	3.38935902221047e-08	5.52228410243436e-08
"a69467"	4.35774731427061e-09	4.14171307682577e-09
"a6958"	6.77871804442095e-08	1.97881847003898e-07
"a69925"	4.84194146030068e-09	3.68152273495624e-08
"a7017"	2.1788736571353e-07	5.24616989731264e-07
"a70555"	6.29452389839088e-08	1.42659005979554e-07
"a70832"	4.35774731427061e-09	1.38057102560859e-08
"a71176"	1.06038517980585e-06	1.54623954868162e-06
"a71220"	1.50100185269321e-07	2.02483750422593e-07
"a71357"	4.35774731427061e-09	4.14171307682577e-09
"a71520"	7.65026750727507e-07	4.27977017938663e-07
"a71650"	9.68388292060136e-08	1.38057102560859e-07
"a72174"	5.81032975236081e-08	3.68152273495624e-08
"a72462"	4.84194146030068e-09	5.52228410243436e-08
"a72463"	1.93677658412027e-08	5.06209376056483e-08
"a72602"	3.41356872951198e-06	3.87020077512274e-06
"a72685"	5.81032975236081e-08	7.82323581178201e-08
"a72903"	3.87355316824054e-08	5.06209376056483e-08
"a73192"	6.29452389839088e-08	1.01241875211297e-07
"a7322"	5.81032975236081e-08	9.66399717926012e-08
"a7369"	4.84194146030068e-09	1.38057102560859e-08
"a73887"	1.93677658412027e-08	4.14171307682577e-09
"a74020"	2.03361541332628e-07	1.65668523073031e-07
"a74190"	2.42097073015034e-08	1.15047585467382e-07
"a75367"	1.88835716951726e-07	2.76114205121718e-07
"a75790"	7.74710633648108e-08	5.52228410243436e-08
"a76141"	3.09884253459243e-07	4.46384631613444e-07
"a77105"	4.84194146030068e-08	8.74361649552107e-08
"a77249"	4.84194146030068e-08	1.10445682048687e-07
"a7843"	1.64626009650223e-07	2.20891364097374e-07
"a78544"	1.54942126729622e-07	2.02483750422593e-07
"a78635"	9.68388292060136e-08	2.2549326751607e-07
"a78640"	4.06723082665257e-07	4.09569404263881e-07
"a79103"	2.66306780316537e-07	3.1292943247128e-07
"a79171"	3.5830366806225e-07	5.24616989731264e-07
"a79354"	4.35774731427061e-09	1.38057102560859e-08
"a79406"	9.68388292060135e-09	4.14171307682577e-09
"a79681"	1.69467951110524e-07	3.95763694007796e-07
"a80448"	6.29452389839088e-08	7.36304546991248e-08
"a80489"	2.90516487618041e-08	5.52228410243436e-08
"a81229"	1.92709270119967e-06	2.58626972130676e-06
"a81439"	4.35774731427061e-09	9.2038068373906e-09
"a8184"	6.77871804442095e-08	8.28342615365154e-08
"a82171"	1.93677658412027e-08	4.14171307682577e-09
"a83158"	4.35774731427061e-08	6.90285512804295e-08
"a83450"	2.32413190094433e-07	1.70270426491726e-07
"a83651"	1.93677658412027e-08	1.05843778629992e-07
"a83880"	8.71549462854122e-08	2.2549326751607e-07
"a84563"	4.84194146030068e-09	5.98247444430389e-08
"a85330"	2.03361541332628e-07	2.39298977772155e-07
"a85644"	2.37255131554733e-07	1.84076136747812e-07
"a866"	1.48163408685201e-06	1.77173281619769e-06
"a86634"	4.84194146030068e-08	8.74361649552107e-08
"a86903"	4.84194146030068e-09	5.06209376056483e-08
"a87234"	4.84194146030068e-09	9.2038068373906e-09
"a87430"	1.69467951110524e-07	1.42659005979554e-07
"a8751"	1.88835716951726e-07	2.07085653841288e-07
"a87856"	1.59784068189922e-07	2.57706591446937e-07
"a88384"	4.84194146030068e-08	1.42659005979554e-07
"a88845"	9.68388292060135e-09	6.90285512804295e-08
"a89210"	5.81032975236081e-08	7.36304546991248e-08
"a89346"	3.09884253459243e-07	2.99123722215194e-07
"a89535"	3.53461726601949e-07	5.70636023918217e-07
"a89881"	3.92197258284355e-07	5.33820796568655e-07
"a90027"	2.67759362754627e-06	2.71052111361153e-06
"a90109"	7.74710633648108e-08	1.51862812816945e-07
"a90223"	2.32413190094433e-07	2.30095170934765e-07
"a90242"	2.37255131554733e-07	1.42659005979554e-07
"a90254"	4.35774731427061e-08	2.76114205121718e-08
"a90402"	9.68388292060135e-09	5.98247444430389e-08
"a90615"	1.4525824380902e-08	2.30095170934765e-08
"a91291"	2.42097073015034e-08	4.14171307682577e-09
"a91777"	1.59784068189922e-07	2.48502784609546e-07
"a91831"	5.32613560633075e-08	4.6019034186953e-08
"a92719"	4.35774731427061e-09	1.38057102560859e-08
"a92727"	1.25890477967818e-07	7.82323581178201e-08
"a92854"	2.90516487618041e-08	4.14171307682577e-09
"a93285"	1.01680770666314e-07	1.05843778629992e-07
"a93521"	4.35774731427061e-08	2.62308494865632e-07
"a94561"	6.77871804442095e-08	7.36304546991248e-08
"a94843"	4.84194146030068e-09	4.14171307682577e-09
"a94972"	7.74710633648108e-08	5.52228410243436e-08
"a95161"	1.16206595047216e-07	1.84076136747812e-07
"a95447"	4.35774731427061e-08	1.51862812816945e-07
"a95889"	4.35774731427061e-08	5.98247444430389e-08
"a96250"	4.35774731427061e-09	9.2038068373906e-09
"a97101"	1.98519599872328e-07	1.84076136747812e-07
"a97495"	1.4525824380902e-08	9.2038068373906e-08
"a97799"	4.9871997041097e-07	6.62674092292123e-07
"a97941"	1.11364653586916e-07	7.82323581178201e-08
"a98178"	2.42097073015034e-08	9.66399717926012e-08
"a98496"	6.77871804442095e-08	1.93279943585202e-07
"a98507"	4.84194146030068e-08	7.36304546991248e-08
"a9867"	3.38935902221047e-08	4.6019034186953e-09
"a98718"	9.68388292060135e-09	5.06209376056483e-08
"a98851"	6.14926565458186e-07	8.23740711946458e-07
"a99260"	1.74309892570824e-07	4.50986535032139e-07
"a99537"	7.117653946642e-07	7.7311977434081e-07
"a99994"	2.90516487618041e-08	9.66399717926012e-08
"UB1"	4.27979205675977e-05	2.69533483232984e-05
"UB2"	4.11565024125558e-07	1.97881847003898e-07
"UB3"	5.65054568417089e-06	3.23513810334279e-06
"Control_BioDepleted"	8.71549462854122e-08	8.74361649552107e-08
